{
  "accuracy": 0.7874,
  "macro_f1": 0.7343134326679506,
  "weighted_f1": 0.8079458079383548,
  "classification_report": {
    "attack": {
      "precision": 0.968916797488226,
      "recall": 0.7619753086419753,
      "f1-score": 0.8530753282653767,
      "support": 4050.0
    },
    "normal": {
      "precision": 0.46887052341597796,
      "recall": 0.8957894736842106,
      "f1-score": 0.6155515370705245,
      "support": 950.0
    },
    "accuracy": 0.7874,
    "macro avg": {
      "precision": 0.718893660452102,
      "recall": 0.8288823911630929,
      "f1-score": 0.7343134326679506,
      "support": 5000.0
    },
    "weighted avg": {
      "precision": 0.8739080054144988,
      "recall": 0.7874,
      "f1-score": 0.8079458079383548,
      "support": 5000.0
    }
  },
  "log_loss": 1.43654047451499
}