{
  "accuracy": 0.753,
  "macro_f1": 0.7778427475897849,
  "weighted_f1": 0.7654640865848792,
  "classification_report": {
    "degraded_safe_mode": {
      "precision": 0.9559643255295429,
      "recall": 0.7598582188746124,
      "f1-score": 0.8467045174031104,
      "support": 2257.0
    },
    "emergency_safe_mode": {
      "precision": 0.8050847457627118,
      "recall": 0.562962962962963,
      "f1-score": 0.6625980819529207,
      "support": 1350.0
    },
    "monitoring_mode": {
      "precision": 0.9821029082774049,
      "recall": 0.9909706546275395,
      "f1-score": 0.9865168539325843,
      "support": 443.0
    },
    "normal_mode": {
      "precision": 0.46887052341597796,
      "recall": 0.8957894736842106,
      "f1-score": 0.6155515370705245,
      "support": 950.0
    },
    "accuracy": 0.753,
    "macro avg": {
      "precision": 0.8030056257464093,
      "recall": 0.8023953275373314,
      "f1-score": 0.7778427475897849,
      "support": 5000.0
    },
    "weighted avg": {
      "precision": 0.8249948950223818,
      "recall": 0.753,
      "f1-score": 0.7654640865848792,
      "support": 5000.0
    }
  },
  "log_loss": 1.9087964468490692
}