{
  "accuracy": 0.3898,
  "macro_f1": 0.3231150753122029,
  "weighted_f1": 0.3523587214880351,
  "classification_report": {
    "delayed_sensor_attack": {
      "precision": 0.020179372197309416,
      "recall": 0.02,
      "f1-score": 0.020089285714285716,
      "support": 450.0
    },
    "dos": {
      "precision": 0.4789473684210526,
      "recall": 0.20222222222222222,
      "f1-score": 0.284375,
      "support": 450.0
    },
    "gps_spoofing": {
      "precision": 0.66,
      "recall": 0.7333333333333333,
      "f1-score": 0.6947368421052632,
      "support": 450.0
    },
    "heading_spoofing": {
      "precision": 0.2692307692307692,
      "recall": 0.04666666666666667,
      "f1-score": 0.07954545454545454,
      "support": 450.0
    },
    "lane_deviation": {
      "precision": 0.2190721649484536,
      "recall": 0.18888888888888888,
      "f1-score": 0.20286396181384247,
      "support": 450.0
    },
    "normal": {
      "precision": 0.46887052341597796,
      "recall": 0.8957894736842106,
      "f1-score": 0.6155515370705245,
      "support": 950.0
    },
    "position_spoofing": {
      "precision": 0.26136363636363635,
      "recall": 0.15333333333333332,
      "f1-score": 0.19327731092436976,
      "support": 450.0
    },
    "sensor_noise": {
      "precision": 0.8277777777777777,
      "recall": 0.33111111111111113,
      "f1-score": 0.473015873015873,
      "support": 450.0
    },
    "speed_spoofing": {
      "precision": 0.3780487804878049,
      "recall": 0.27555555555555555,
      "f1-score": 0.31876606683804626,
      "support": 450.0
    },
    "sudden_brake": {
      "precision": 0.2712700369913687,
      "recall": 0.4888888888888889,
      "f1-score": 0.34892942109436953,
      "support": 450.0
    },
    "accuracy": 0.3898,
    "macro avg": {
      "precision": 0.38547604298341503,
      "recall": 0.3335789473684211,
      "f1-score": 0.3231150753122029,
      "support": 5000.0
    },
    "weighted avg": {
      "precision": 0.3938154910266713,
      "recall": 0.3898,
      "f1-score": 0.3523587214880351,
      "support": 5000.0
    }
  },
  "log_loss": 4.249394800274927
}