{
  "accuracy": 0.812962962962963,
  "macro_f1": 0.8127655720446999,
  "weighted_f1": 0.8127655720446999,
  "classification_report": {
    "0": {
      "precision": 0.7938789705541387,
      "recall": 0.8454320987654321,
      "f1-score": 0.8188449121128781,
      "support": 4050.0
    },
    "1": {
      "precision": 0.8346976498547664,
      "recall": 0.7804938271604939,
      "f1-score": 0.8066862319765217,
      "support": 4050.0
    },
    "accuracy": 0.812962962962963,
    "macro avg": {
      "precision": 0.8142883102044525,
      "recall": 0.812962962962963,
      "f1-score": 0.8127655720446999,
      "support": 8100.0
    },
    "weighted avg": {
      "precision": 0.8142883102044525,
      "recall": 0.812962962962963,
      "f1-score": 0.8127655720446999,
      "support": 8100.0
    }
  },
  "log_loss": 0.40568017322470573
}