{
  "accuracy": 0.7237037037037037,
  "macro_f1": 0.7081399640187285,
  "weighted_f1": 0.7081399640187286,
  "classification_report": {
    "delayed_sensor_attack": {
      "precision": 0.4714285714285714,
      "recall": 0.14666666666666667,
      "f1-score": 0.22372881355932203,
      "support": 450.0
    },
    "dos": {
      "precision": 0.6229166666666667,
      "recall": 0.6644444444444444,
      "f1-score": 0.6430107526881721,
      "support": 450.0
    },
    "gps_spoofing": {
      "precision": 0.9568345323741008,
      "recall": 0.8866666666666667,
      "f1-score": 0.9204152249134948,
      "support": 450.0
    },
    "heading_spoofing": {
      "precision": 0.5767441860465117,
      "recall": 0.8266666666666667,
      "f1-score": 0.6794520547945205,
      "support": 450.0
    },
    "lane_deviation": {
      "precision": 0.8896247240618101,
      "recall": 0.8955555555555555,
      "f1-score": 0.8925802879291251,
      "support": 450.0
    },
    "position_spoofing": {
      "precision": 0.7150259067357513,
      "recall": 0.6133333333333333,
      "f1-score": 0.6602870813397129,
      "support": 450.0
    },
    "sensor_noise": {
      "precision": 0.9823788546255506,
      "recall": 0.9911111111111112,
      "f1-score": 0.9867256637168141,
      "support": 450.0
    },
    "speed_spoofing": {
      "precision": 0.7415730337078652,
      "recall": 0.7333333333333333,
      "f1-score": 0.7374301675977654,
      "support": 450.0
    },
    "sudden_brake": {
      "precision": 0.5396825396825397,
      "recall": 0.7555555555555555,
      "f1-score": 0.6296296296296297,
      "support": 450.0
    },
    "accuracy": 0.7237037037037037,
    "macro avg": {
      "precision": 0.721801001703263,
      "recall": 0.7237037037037037,
      "f1-score": 0.7081399640187285,
      "support": 4050.0
    },
    "weighted avg": {
      "precision": 0.721801001703263,
      "recall": 0.7237037037037037,
      "f1-score": 0.7081399640187286,
      "support": 4050.0
    }
  },
  "log_loss": 0.8889370682945368
}