{
  "accuracy": 0.7842,
  "macro_f1": 0.7303143874399987,
  "weighted_f1": 0.8050550581048774,
  "classification_report": {
    "attack": {
      "precision": 0.9664050235478807,
      "recall": 0.76,
      "f1-score": 0.8508638562543193,
      "support": 4050.0
    },
    "normal": {
      "precision": 0.4644628099173554,
      "recall": 0.8873684210526316,
      "f1-score": 0.6097649186256782,
      "support": 950.0
    },
    "accuracy": 0.7842,
    "macro avg": {
      "precision": 0.715433916732618,
      "recall": 0.8236842105263158,
      "f1-score": 0.7303143874399987,
      "support": 5000.0
    },
    "weighted avg": {
      "precision": 0.871036002958081,
      "recall": 0.7842,
      "f1-score": 0.8050550581048774,
      "support": 5000.0
    }
  },
  "log_loss": 1.407349712226955
}