{
  "risk": {
    "accuracy": 0.7898,
    "macro_f1": 0.7364857956316215,
    "weighted_f1": 0.8099735828890574,
    "classification_report": {
      "attack": {
        "precision": 0.9687402313222883,
        "recall": 0.7651851851851852,
        "f1-score": 0.8550144847565181,
        "support": 4050.0
      },
      "normal": {
        "precision": 0.4719600222098834,
        "recall": 0.8947368421052632,
        "f1-score": 0.6179571065067249,
        "support": 950.0
      },
      "accuracy": 0.7898,
      "macro avg": {
        "precision": 0.7203501267660859,
        "recall": 0.8299610136452242,
        "f1-score": 0.7364857956316215,
        "support": 5000.0
      },
      "weighted avg": {
        "precision": 0.8743519915909314,
        "recall": 0.7898,
        "f1-score": 0.8099735828890574,
        "support": 5000.0
      }
    },
    "log_loss": 0.7486452268159752
  },
  "safe_mode": {
    "accuracy": 0.5868,
    "macro_f1": 0.48663787704107175,
    "weighted_f1": 0.577150279386316,
    "classification_report": {
      "degraded_safe_mode": {
        "precision": 0.7583479789103691,
        "recall": 0.6392592592592593,
        "f1-score": 0.6937299035369775,
        "support": 2700.0
      },
      "emergency_safe_mode": {
        "precision": 0.33127317676143386,
        "recall": 0.29777777777777775,
        "f1-score": 0.3136337039204213,
        "support": 900.0
      },
      "monitoring_mode": {
        "precision": 0.89,
        "recall": 0.19777777777777777,
        "f1-score": 0.3236363636363636,
        "support": 450.0
      },
      "normal_mode": {
        "precision": 0.46887052341597796,
        "recall": 0.8957894736842106,
        "f1-score": 0.6155515370705245,
        "support": 950.0
      },
      "accuracy": 0.5868,
      "macro avg": {
        "precision": 0.6121229197719452,
        "recall": 0.5076510721247564,
        "f1-score": 0.48663787704107175,
        "support": 5000.0
      },
      "weighted avg": {
        "precision": 0.6383224798776932,
        "recall": 0.5868,
        "f1-score": 0.577150279386316,
        "support": 5000.0
      }
    },
    "log_loss": 1.7372580968270006
  },
  "sample_count": 5000
}