{
  "accuracy": 0.99405,
  "macro_f1": 0.9923407477984091,
  "weighted_f1": 0.9940384216616319,
  "classification_report": {
    "0": {
      "precision": 0.9947559115179252,
      "recall": 0.9827618688771665,
      "f1-score": 0.9887225170583775,
      "support": 10616.0
    },
    "1": {
      "precision": 0.9937991325562483,
      "recall": 0.998128233052001,
      "f1-score": 0.9959589785384406,
      "support": 29384.0
    },
    "accuracy": 0.99405,
    "macro avg": {
      "precision": 0.9942775220370867,
      "recall": 0.9904450509645838,
      "f1-score": 0.9923407477984091,
      "support": 40000.0
    },
    "weighted avg": {
      "precision": 0.9940530616926774,
      "recall": 0.99405,
      "f1-score": 0.9940384216616319,
      "support": 40000.0
    }
  },
  "log_loss": 0.02726968827244779
}