{
  "accuracy": 0.53,
  "macro_f1": 0.32686781609195403,
  "weighted_f1": 0.5061494252873563,
  "classification_report": {
    "degraded_safe_mode": {
      "precision": 0.75,
      "recall": 0.7,
      "f1-score": 0.7241379310344828,
      "support": 60.0
    },
    "emergency_safe_mode": {
      "precision": 0.2,
      "recall": 0.1,
      "f1-score": 0.13333333333333333,
      "support": 20.0
    },
    "monitoring_mode": {
      "precision": 0.0,
      "recall": 0.0,
      "f1-score": 0.0,
      "support": 10.0
    },
    "normal_mode": {
      "precision": 0.3,
      "recall": 0.9,
      "f1-score": 0.45,
      "support": 10.0
    },
    "accuracy": 0.53,
    "macro avg": {
      "precision": 0.3125,
      "recall": 0.425,
      "f1-score": 0.32686781609195403,
      "support": 100.0
    },
    "weighted avg": {
      "precision": 0.52,
      "recall": 0.53,
      "f1-score": 0.5061494252873563,
      "support": 100.0
    }
  },
  "log_loss": 6.752306366506117
}