{
  "binary": {
    "accuracy": 0.99405,
    "macro_f1": 0.9923407477984091,
    "weighted_f1": 0.9940384216616319,
    "classification_report": {
      "0": {
        "precision": 0.9947559115179252,
        "recall": 0.9827618688771665,
        "f1-score": 0.9887225170583775,
        "support": 10616.0
      },
      "1": {
        "precision": 0.9937991325562483,
        "recall": 0.998128233052001,
        "f1-score": 0.9959589785384406,
        "support": 29384.0
      },
      "accuracy": 0.99405,
      "macro avg": {
        "precision": 0.9942775220370867,
        "recall": 0.9904450509645838,
        "f1-score": 0.9923407477984091,
        "support": 40000.0
      },
      "weighted avg": {
        "precision": 0.9940530616926774,
        "recall": 0.99405,
        "f1-score": 0.9940384216616319,
        "support": 40000.0
      }
    },
    "log_loss": 0.02726968827244779
  },
  "attack_type": {
    "accuracy": 0.6592363190852164,
    "macro_f1": 0.5539393368977341,
    "weighted_f1": 0.6562314660271658,
    "classification_report": {
      "backdoor": {
        "precision": 0.9987546699875467,
        "recall": 0.9975124378109452,
        "f1-score": 0.9981331673926571,
        "support": 4020.0
      },
      "ddos": {
        "precision": 0.0392156862745098,
        "recall": 0.05,
        "f1-score": 0.04395604395604396,
        "support": 40.0
      },
      "dos": {
        "precision": 0.021739130434782608,
        "recall": 0.034482758620689655,
        "f1-score": 0.02666666666666667,
        "support": 29.0
      },
      "injection": {
        "precision": 0.4362244897959184,
        "recall": 0.32230366492146595,
        "f1-score": 0.3707093821510298,
        "support": 4775.0
      },
      "mitm": {
        "precision": 0.8181818181818182,
        "recall": 0.6116504854368932,
        "f1-score": 0.7,
        "support": 103.0
      },
      "password": {
        "precision": 0.41858422624275426,
        "recall": 0.47889871382636656,
        "f1-score": 0.4467147811416253,
        "support": 4976.0
      },
      "ransomware": {
        "precision": 0.9896157840083074,
        "recall": 0.9947807933194155,
        "f1-score": 0.9921915668922436,
        "support": 958.0
      },
      "scanning": {
        "precision": 0.5761384037865187,
        "recall": 0.8716049382716049,
        "f1-score": 0.6937211358946644,
        "support": 4050.0
      },
      "xss": {
        "precision": 0.7755515533543449,
        "recall": 0.6604044857663184,
        "f1-score": 0.7133612879846767,
        "support": 10433.0
      },
      "accuracy": 0.6592363190852164,
      "macro avg": {
        "precision": 0.563778418007389,
        "recall": 0.5579598086637444,
        "f1-score": 0.5539393368977341,
        "support": 29384.0
      },
      "weighted avg": {
        "precision": 0.6683928132309062,
        "recall": 0.6592363190852164,
        "f1-score": 0.6562314660271658,
        "support": 29384.0
      }
    },
    "log_loss": 0.7472368634322893
  },
  "sample_count": 40000
}