{
  "accuracy": 0.8064,
  "macro_f1": 0.7397723545762968,
  "weighted_f1": 0.8214109714986209,
  "classification_report": {
    "attack": {
      "precision": 0.9428160919540229,
      "recall": 0.8101234567901234,
      "f1-score": 0.8714475431606906,
      "support": 4050.0
    },
    "normal": {
      "precision": 0.49407894736842106,
      "recall": 0.7905263157894736,
      "f1-score": 0.6080971659919029,
      "support": 950.0
    },
    "accuracy": 0.8064,
    "macro avg": {
      "precision": 0.718447519661222,
      "recall": 0.8003248862897985,
      "f1-score": 0.7397723545762968,
      "support": 5000.0
    },
    "weighted avg": {
      "precision": 0.8575560344827587,
      "recall": 0.8064,
      "f1-score": 0.8214109714986209,
      "support": 5000.0
    }
  },
  "log_loss": 0.5663218362598835
}