{
  "accuracy": 0.5766,
  "macro_f1": 0.5309547566932908,
  "weighted_f1": 0.5697356771811148,
  "classification_report": {
    "degraded_safe_mode": {
      "precision": 0.7764786795048143,
      "recall": 0.5002215330084182,
      "f1-score": 0.6084613311775802,
      "support": 2257.0
    },
    "emergency_safe_mode": {
      "precision": 0.4993765586034913,
      "recall": 0.5933333333333334,
      "f1-score": 0.5423155044008124,
      "support": 1350.0
    },
    "monitoring_mode": {
      "precision": 0.796875,
      "recall": 0.23024830699774265,
      "f1-score": 0.3572679509632224,
      "support": 443.0
    },
    "normal_mode": {
      "precision": 0.4691289966923925,
      "recall": 0.8957894736842106,
      "f1-score": 0.6157742402315485,
      "support": 950.0
    },
    "accuracy": 0.5766,
    "macro avg": {
      "precision": 0.6354648087001745,
      "recall": 0.5548981617559262,
      "f1-score": 0.5309547566932908,
      "support": 5000.0
    },
    "weighted avg": {
      "precision": 0.6450717811229705,
      "recall": 0.5766,
      "f1-score": 0.5697356771811148,
      "support": 5000.0
    }
  },
  "log_loss": 1.7408498728499289
}