{
  "accuracy": 0.5868,
  "macro_f1": 0.48663787704107175,
  "weighted_f1": 0.577150279386316,
  "classification_report": {
    "degraded_safe_mode": {
      "precision": 0.7583479789103691,
      "recall": 0.6392592592592593,
      "f1-score": 0.6937299035369775,
      "support": 2700.0
    },
    "emergency_safe_mode": {
      "precision": 0.33127317676143386,
      "recall": 0.29777777777777775,
      "f1-score": 0.3136337039204213,
      "support": 900.0
    },
    "monitoring_mode": {
      "precision": 0.89,
      "recall": 0.19777777777777777,
      "f1-score": 0.3236363636363636,
      "support": 450.0
    },
    "normal_mode": {
      "precision": 0.46887052341597796,
      "recall": 0.8957894736842106,
      "f1-score": 0.6155515370705245,
      "support": 950.0
    },
    "accuracy": 0.5868,
    "macro avg": {
      "precision": 0.6121229197719452,
      "recall": 0.5076510721247564,
      "f1-score": 0.48663787704107175,
      "support": 5000.0
    },
    "weighted avg": {
      "precision": 0.6383224798776932,
      "recall": 0.5868,
      "f1-score": 0.577150279386316,
      "support": 5000.0
    }
  },
  "log_loss": 1.7372580968270006
}