{
  "accuracy": 0.7898,
  "macro_f1": 0.7364857956316215,
  "weighted_f1": 0.8099735828890574,
  "classification_report": {
    "attack": {
      "precision": 0.9687402313222883,
      "recall": 0.7651851851851852,
      "f1-score": 0.8550144847565181,
      "support": 4050.0
    },
    "normal": {
      "precision": 0.4719600222098834,
      "recall": 0.8947368421052632,
      "f1-score": 0.6179571065067249,
      "support": 950.0
    },
    "accuracy": 0.7898,
    "macro avg": {
      "precision": 0.7203501267660859,
      "recall": 0.8299610136452242,
      "f1-score": 0.7364857956316215,
      "support": 5000.0
    },
    "weighted avg": {
      "precision": 0.8743519915909314,
      "recall": 0.7898,
      "f1-score": 0.8099735828890574,
      "support": 5000.0
    }
  },
  "log_loss": 0.7486452268159752
}