{
  "accuracy": 0.8028,
  "macro_f1": 0.7451553146540967,
  "weighted_f1": 0.820301876711414,
  "classification_report": {
    "attack": {
      "precision": 0.9603365384615384,
      "recall": 0.7891358024691358,
      "f1-score": 0.8663594470046083,
      "support": 4050.0
    },
    "normal": {
      "precision": 0.4892344497607656,
      "recall": 0.8610526315789474,
      "f1-score": 0.623951182303585,
      "support": 950.0
    },
    "accuracy": 0.8028,
    "macro avg": {
      "precision": 0.724785494111152,
      "recall": 0.8250942170240416,
      "f1-score": 0.7451553146540967,
      "support": 5000.0
    },
    "weighted avg": {
      "precision": 0.8708271416083915,
      "recall": 0.8028,
      "f1-score": 0.820301876711414,
      "support": 5000.0
    }
  },
  "log_loss": 1.5343700738071828
}